,항명,호출부호,mmsi,선명,구분,외내,입출,총톤수,입항일시,출항일시,전출항지,선박용도
0,인천,146805,440413160,비룡호,최종,내항,입항,476,2022-12-15 0:15,2022-12-19 3:00,평택.당진,급유선
1,인천,VROF4,477301900,SITC HEBEI,최종,외항,입항,"17,119",2022-12-15 0:30,2022-12-15 13:05,DALIAN,풀컨테이너선
2,인천,D7WG,441387000,HECAN,최종,외항,입항,"9,858",2022-12-15 2:54,2022-12-15 16:18,SHEKOU PT,풀컨테이너선
3,인천,161822,440026590,9민성호,최종,내항,입항,337,2022-12-15 2:55,2022-12-17 10:20,평택.당진,석유제품 운반선
4,인천,130020,440403850,해령호,최종,내항,입항,416,2022-12-15 5:00,2022-12-19 0:00,대산,석유제품 운반선
5,인천,114806,440148840,디비써니,최종,내항,입항,"1,599",2022-12-15 6:00,2022-12-15 19:00,여수,케미칼 운반선
6,인천,151810,151810101,아름호,최종,내항,입항,467,2022-12-15 6:50,2022-12-16 10:00,대산,급유선
7,인천,MGGA6,232024773,HYUNDAI MARS,최종,외항,입항,"110,632",2022-12-15 7:00,2022-12-16 4:20,광양,풀컨테이너선
8,인천,3FDX9,371369000,POS BANGKOK,최종,외항,입항,"18,085",2022-12-15 7:05,2022-12-15 21:20,SHANTOU,풀컨테이너선
9,인천,3EGC3,353727000,LILAC PROMENADE,최종,외항,입항,"50,676",2022-12-15 7:20,2022-12-17 10:48,DARWIN,LPG 운반선
10,인천,210009,440162170,대복가스호,최종,내항,입항,999,2022-12-15 7:45,2022-12-16 5:00,울산,LPG 운반선
11,인천,9HA4916,215009000,TRIESTE TRADER,최종,외항,입항,"19,122",2022-12-15 7:50,2022-12-15 21:05,SHANGHAI,풀컨테이너선
12,인천,130081,898520089,은성호,최종,내항,입항,321,2022-12-15 8:00,2022-12-20 14:30,평택.당진,석유제품 운반선
13,인천,9VIB6,563955000,KOTA TAMPAN,최종,외항,입항,"7,725",2022-12-15 9:10,2022-12-15 18:10,부산,풀컨테이너선
14,인천,V7A2092,538008215,OLYMPIC LIFE,최종,외항,입항,"160,874",2022-12-15 9:10,2022-12-16 8:30,울산,원유운반선
15,인천,D7SO,441768000,SK SUPREME,최종,외항,입항,"92,866",2022-12-15 10:10,2022-12-16 8:16,RAS LAFFAN,LNG 운반선
16,인천,176701,17670152,옹진페리호,최종,내항,입항,156,2022-12-15 12:00,2022-12-20 5:00,기타항,일반화물선
17,인천,BATD,440714179,MING YUE,최종,외항,입항,"2,453",2022-12-15 12:30,2022-12-15 23:50,DANDONG PT,세미(혼재)컨테이너선
18,인천,5BQV4,212546000,SENECA,최종,외항,입항,"45,955",2022-12-15 13:15,2022-12-21 9:30,SINGAPORE,산물선(벌크선)
19,인천,VRNQ7,477466300,SITC SHANDONG,최종,외항,입항,"17,119",2022-12-15 13:28,2022-12-16 3:40,XIAMEN,풀컨테이너선
20,인천,V3CY3,312664000,PU REN,최종,외항,입항,"1,482",2022-12-15 13:40,2022-12-16 0:05,여수,일반화물선
21,인천,80186,440121610,7민성호,최종,내항,입항,149,2022-12-15 14:05,2022-12-16 2:45,평택.당진,석유제품 운반선
22,인천,DSED4,440120300,제15주경,최종,내항,입항,"2,831",2022-12-15 14:45,2022-12-18 0:00,여수,석유제품 운반선
23,인천,124,981109140,성보호,최종,내항,입항,143,2022-12-15 15:00,2022-12-27 1:25,기타항,기타 유조선
24,인천,DSQK7,441610000,한국 2호,최종,내항,입항,143,2022-12-15 15:10,2022-12-18 11:45,군산,기타 예선
25,인천,62928,412500614,웨스트 카페리,최종,내항,입항,840,2022-12-15 15:40,2022-12-16 10:40,기타항,일반화물선
26,인천,65812,412429154,경해호,최종,내항,입항,"5,914",2022-12-15 15:45,2022-12-16 9:30,여수,석유제품 운반선
27,인천,150012,145615001,15선영호,최종,내항,입항,497,2022-12-15 15:50,2022-12-19 5:40,평택.당진,급유선
28,인천,990192,440000910,태화31호,최종,내항,입항,248,2022-12-15 16:30,2022-12-20 7:50,기타항,견인용예선
29,인천,3FWI8,374990000,BAL BRIGHT,최종,외항,입항,"9,549",2022-12-15 18:05,2022-12-16 8:40,SHANGHAI,풀컨테이너선
30,인천,V3TS8,312738000,MING HE,최종,외항,입항,"1,481",2022-12-15 18:25,2022-12-18 7:00,FUNABASHI,일반화물선
31,인천,3EGJ,356928000,AC KATHRYN,최종,외항,입항,"19,885",2022-12-15 18:40,2022-12-28 0:05,DALIAN,일반화물선
32,인천,944402,440328160,골드페리3호,최종,내항,입항,272,2022-12-15 19:20,2022-12-19 4:00,기타항,일반화물선
33,인천,DSNC2,441288000,드래곤스타,최종,내항,입항,"5,683",2022-12-15 19:50,2022-12-16 18:55,동해,시멘트운반선
34,인천,V7EX8,538006909,OC GRANDE,최종,외항,입항,"8,627",2022-12-15 19:55,2022-12-18 8:03,NINGBO PT,케미칼 운반선
35,인천,V3HX2,312656000,RUN FENG,최종,외항,입항,"1,498",2022-12-15 19:57,2022-12-18 23:30,MIZUSHIMA,일반화물선
36,인천,181801,440010160,덕산훼리호,최종,내항,입항,162,2022-12-15 20:00,2022-12-16 6:48,기타항,일반화물선
37,인천,DSFV2,441199000,수성1,최종,내항,입항,"5,969",2022-12-15 20:42,2022-12-16 19:30,삼척,시멘트운반선
38,인천,181823,440074350,가연,최종,내항,입항,368,2022-12-15 20:50,2022-12-19 9:30,대산,석유제품 운반선
39,인천,DSOP8,441077000,창양,최종,내항,입항,"5,996",2022-12-15 21:10,2022-12-16 22:30,광양,시멘트운반선
40,인천,D7MX,441470000,모닝 스카이호,최종,내항,입항,"6,422",2022-12-15 21:20,2022-12-16 20:25,옥계항,시멘트운반선
41,인천,3EHZ9,372604000,KMTC OSAKA,최종,외항,입항,"17,853",2022-12-15 21:40,2022-12-16 14:15,HO CHI MINH CITY,풀컨테이너선
42,인천,VRRO9,477154400,ACACIA HAWK,최종,외항,입항,"6,191",2022-12-15 21:45,2022-12-16 10:05,YANTAI APT,풀컨테이너선
43,인천,141802,440019380,두루호,최종,내항,입항,334,2022-12-15 22:40,2022-12-19 5:05,대산,급유선
44,인천,151822,201705173,미래13호,최종,내항,입항,"3,550",2022-12-15 23:50,2023-01-02 15:10,기타항,일반화물선
45,인천,D8BF,441953000,HANSUNG INCHEON,최종,외항,입항,"5,888",2022-12-16 0:05,2022-12-16 10:10,WEIHAI,풀컨테이너선
46,인천,9MWH2,533180215,MTT PASIR GUDANG,최종,외항,입항,"18,335",2022-12-16 0:20,2022-12-16 11:28,TAICHUNG,풀컨테이너선
47,인천,111844,440013130,미래3호,최종,내항,입항,996,2022-12-16 0:30,2023-01-02 16:15,기타항,자동차운반선
48,인천,V7HY3,538005896,HEUNG-A HAIPHONG,최종,외항,입항,"9,998",2022-12-16 4:42,2022-12-16 15:05,HONG KONG,풀컨테이너선
49,인천,D7VZ,441376000,디엘 앰버,최종,내항,입항,"7,333",2022-12-16 5:15,2022-12-17 8:00,대산,석유제품 운반선
50,인천,VRNZ6,477066600,SUNNY CAMELLIA,최종,외항,입항,"9,563",2022-12-16 6:30,2022-12-16 22:10,SHANTOU,풀컨테이너선
51,인천,D7JK,440660000,필로스 1,최종,내항,입항,"1,500",2022-12-16 7:00,2022-12-16 16:10,여수,케미칼 운반선
52,인천,C6SB9,311272000,REVERENCE,최종,외항,입항,"9,990",2022-12-16 7:55,2022-12-17 2:15,QINGDAO,풀컨테이너선
53,인천,120050,440153810,대진8001,최종,내항,입항,302,2022-12-16 8:00,2022-12-16 16:55,기타항,압항 예선
54,인천,D7AG,441722000,ASIAN EMPEROR,최종,외항,입항,"55,729",2022-12-16 8:20,2022-12-18 6:42,KEELUNG (CHILUNG),자동차운반선
55,인천,5LHR2,636022205,POMPANO,최종,외항,입항,"89,129",2022-12-16 9:48,2022-12-25 4:40,SINGAPORE,산물선(벌크선)
56,인천,SVDD2,241636000,MARAN GAS CHIOS,최종,외항,입항,"113,763",2022-12-16 9:54,2022-12-17 10:50,SINGAPORE,LNG 운반선
57,인천,V7DI9,538005387,STI SLOANE,최종,외항,입항,"64,827",2022-12-16 10:06,2022-12-17 14:00,SINGAPORE,원유운반선
58,인천,V7CS4,538005313,PEGASUS TERA,최종,외항,입항,"9,988",2022-12-16 10:18,2022-12-17 12:48,NINGBO,풀컨테이너선
59,인천,DSQA5,441510000,에프씨 그레이스호,최종,내항,입항,"4,960",2022-12-16 10:30,2022-12-18 9:50,대산,석유제품 운반선
60,인천,5LED2,636021480,STONEWELL  BRILLIANCE,최종,외항,입항,"16,269",2022-12-16 10:55,2022-12-17 4:10,XIAMEN,풀컨테이너선
61,인천,80186,440121610,7민성호,최종,내항,입항,149,2022-12-16 11:55,2022-12-28 7:45,대산,석유제품 운반선
62,인천,102740,440011240,미래9호,최종,내항,입항,"4,657",2022-12-16 14:50,2022-12-16 20:40,기타항,일반화물선
63,인천,3E3614,352898704,CHENNAI VOYAGER,최종,외항,입항,"25,637",2022-12-16 15:05,2022-12-17 7:30,"JAKARTA, JAVA",풀컨테이너선
64,인천,151810,440005120,아름호,최종,내항,입항,467,2022-12-16 16:30,2022-12-16 22:25,평택.당진,급유선
65,인천,181801,440010160,덕산훼리호,최종,내항,입항,162,2022-12-16 16:50,2022-12-17 9:00,기타항,일반화물선
66,인천,V3HD,312278000,HONG YANG 18,최종,외항,입항,"2,998",2022-12-16 18:10,2022-12-18 5:35,CHANGSHU,일반화물선
67,인천,152817,80930025,태화골드호,최종,내항,입항,336,2022-12-16 18:15,2022-12-20 5:18,기타항,석유제품 운반선
68,인천,V7EJ6,538005482,MATISSE,최종,외항,입항,"44,243",2022-12-16 19:52,2022-12-18 11:10,JINGTANG PT,일반화물선
69,인천,DSQK5,441607000,근양,최종,내항,입항,"5,996",2022-12-16 21:10,2022-12-18 13:20,동해,시멘트운반선
70,인천,121835,440017150,해원호,최종,내항,입항,320,2022-12-16 21:20,2022-12-19 3:05,평택.당진,급유선
71,인천,DSFN4,441067000,MORNING STAR,최종,내항,입항,"6,117",2022-12-16 21:30,2022-12-18 20:00,옥계항,시멘트운반선
72,인천,DSFV3,441198000,수성2,최종,내항,입항,"5,963",2022-12-16 21:42,2022-12-18 21:54,삼척,시멘트운반선
73,인천,V7QI4,538007485,HYUNDAI DYNASTY,최종,외항,입항,"52,581",2022-12-16 23:25,2022-12-17 17:00,부산 신항,풀컨테이너선
74,인천,CQAG6,255806168,RIJN CONFIDENCE,최종,외항,입항,"21,203",2022-12-16 23:45,2022-12-17 10:30,RIZHAO PT,일반화물선
75,인천,151802,440021230,광성호,최종,내항,입항,336,2022-12-17 0:45,2022-12-19 11:00,대산,급유선
76,인천,3FAT5,351230000,광양프론티어,최종,내항,입항,"9,751",2022-12-17 4:15,2022-12-18 9:05,광양,일반화물선
77,인천,DSMC,440178000,우림 3,최종,내항,입항,"8,072",2022-12-17 5:00,2022-12-19 15:35,울산,석유제품 운반선
78,인천,9V7683,563145300,WAN HAI 176,최종,외항,입항,"17,907",2022-12-17 7:06,2022-12-18 7:15,HONG KONG,풀컨테이너선
79,인천,V3UE9,312419000,IZUMI,최종,외항,입항,"1,460",2022-12-17 7:06,2022-12-18 12:50,UBE,일반화물선
80,인천,D7QA,440525000,거제 코델리아,최종,내항,입항,"8,689",2022-12-17 9:00,2022-12-17 22:05,대산,석유제품 운반선
81,인천,5LBU8,636021011,MSC RINI III,최종,외항,입항,"27,051",2022-12-17 9:18,2022-12-18 7:12,QINGDAO,풀컨테이너선
82,인천,62928,412500614,웨스트 카페리,최종,내항,입항,840,2022-12-17 9:50,2022-12-19 11:50,기타항,일반화물선
83,인천,151810,440005120,아름호,최종,내항,입항,467,2022-12-17 10:25,2022-12-20 15:40,평택.당진,급유선
84,인천,V7A2845,538008860,STAR FRONTIER,최종,외항,입항,"9,949",2022-12-17 10:55,2022-12-18 7:05,평택.당진,풀컨테이너선
85,인천,181801,440010160,덕산훼리호,최종,내항,입항,162,2022-12-17 11:33,2022-12-19 11:30,기타항,일반화물선
86,인천,V7A4207,538009022,CELSIUS COPENHAGEN,최종,외항,입항,"119,338",2022-12-17 12:12,2022-12-18 14:06,DAMPIER,LNG 운반선
87,인천,180020,440066770,두라 5,최종,내항,입항,"3,599",2022-12-17 12:20,2022-12-19 13:30,대산,석유제품 운반선
88,인천,V3IP3,312896000,SHENG YUAN,최종,외항,입항,"1,971",2022-12-17 13:10,2022-12-18 15:00,여수,일반화물선
89,인천,D7CC,440375000,PANCON VICTORY,최종,외항,입항,"9,923",2022-12-17 14:05,2022-12-18 9:50,SHANGHAI,풀컨테이너선
90,인천,3FCN3,353290000,MILLENNIUM BRIGHT,최종,외항,입항,"17,211",2022-12-17 14:45,2022-12-18 10:00,XIAMEN,풀컨테이너선
91,인천,DSQB7,441520000,에스엔케이 레이디호,최종,내항,입항,"1,725",2022-12-17 17:00,2022-12-19 6:00,광양,일반화물선
92,인천,D5BA3,636015481,PELICAN,최종,외항,입항,"16,770",2022-12-17 17:24,2022-12-18 7:40,HO CHI MINH CITY,풀컨테이너선
93,인천,5BVL2,209138000,WARNOW CHIEF,최종,외항,입항,"17,068",2022-12-17 18:10,2022-12-18 7:48,XIAMEN,풀컨테이너선
94,인천,62720,715132501,삼성5호,최종,내항,입항,22,2022-12-17 21:15,2022-12-25 0:53,기타항,기타 예선
95,인천,102740,440011240,미래9호,최종,내항,입항,"4,657",2022-12-18 1:40,2022-12-19 15:15,기타항,일반화물선
96,인천,161822,440026590,9민성호,최종,내항,입항,337,2022-12-18 2:40,2022-12-20 17:05,평택.당진,석유제품 운반선
97,인천,32583,412476975,에스앤비1호,최종,내항,입항,149,2022-12-18 4:30,2022-12-27 18:45,평택.당진,견인용예선
98,인천,9V6517,563163500,WAN HAI 296,최종,외항,입항,"20,918",2022-12-18 8:55,2022-12-19 5:10,TAIPEI,풀컨테이너선
99,인천,5LGM7,636021955,EVER ONWARD,최종,외항,입항,"27,025",2022-12-18 9:10,2022-12-19 0:00,KAOHSIUNG,풀컨테이너선
100,인천,C6OA3,309601000,MANDARIN ARROW,최종,외항,입항,"35,998",2022-12-18 9:15,2022-12-19 23:10,HUANGPU PT,산물선(벌크선)
101,인천,V7A2844,538008859,STAR EXPLORER,최종,외항,입항,"9,949",2022-12-18 11:12,2022-12-18 21:00,평택.당진,풀컨테이너선
102,인천,D7KT,441553000,KHARIS TRINITY,최종,외항,입항,"17,018",2022-12-18 11:30,2022-12-24 8:06,WYNDHAM,산물선(벌크선)
103,인천,DSQA4,441509000,뉴 챌린지호,최종,내항,입항,"4,060",2022-12-18 11:45,2022-12-19 4:00,대산,케미칼 운반선
104,인천,D7VM,441292000,HL RAS LAFFAN,최종,외항,입항,"93,769",2022-12-18 12:06,2022-12-19 10:40,RAS LAFFAN,LNG 운반선
105,인천,3E2158,352001411,HH PEARL,최종,외항,입항,"19,707",2022-12-18 12:12,2022-12-20 0:00,평택.당진,산물선(벌크선)
106,인천,BOTX7,414568000,CHANG HANG ZI JING,최종,외항,입항,"31,534",2022-12-18 12:30,2022-12-20 13:05,TIANJIN,석유제품 운반선
107,인천,DSQI3,441588000,우림 드라곤 7호,최종,내항,입항,"6,398",2022-12-18 12:30,2022-12-19 10:30,울산,케미칼 운반선
108,인천,3FNO7,352119000,HOUEI VENUS,최종,외항,입항,"5,976",2022-12-18 16:00,2022-12-21 12:00,KAWASAKI,일반화물선
109,인천,DSNC3,441289000,드래곤썬,최종,내항,입항,"4,695",2022-12-18 17:10,2022-12-19 23:50,동해,시멘트운반선
110,인천,V3EF2,312600000,FORTUNE LUCKY,최종,외항,입항,"2,363",2022-12-18 18:45,2022-12-24 21:55,DALIAN,일반화물선
111,인천,BATI,412204480,YA LU JIANG,최종,외항,입항,"5,250",2022-12-18 20:52,2022-12-19 4:05,DALIAN,세미(혼재)컨테이너선
112,인천,9V7921,563157300,PACIFIC GENEVA,최종,외항,입항,"9,962",2022-12-18 21:52,2022-12-19 7:25,XIAMEN,풀컨테이너선
113,인천,9V6955,563121100,ASIATIC PRIDE,최종,외항,입항,"9,610",2022-12-19 1:50,2022-12-19 7:05,부산,풀컨테이너선
114,인천,D8NB,440775000,뉴 브라이트,최종,내항,입항,"8,504",2022-12-19 6:30,2022-12-20 5:55,울산,석유제품 운반선
115,인천,BATD,412202870,MING YUE,최종,외항,입항,"2,453",2022-12-19 7:00,2022-12-19 16:15,DANDONG PT,세미(혼재)컨테이너선
116,인천,3FBH4,373917000,CAPE EMERALD,최종,외항,입항,"92,752",2022-12-19 9:24,2022-12-20 12:40,JIANGYIN PT,산물선(벌크선)
117,인천,D8BF,441953000,HANSUNG INCHEON,최종,외항,입항,"5,888",2022-12-19 11:30,2022-12-19 21:15,WEIHAI,풀컨테이너선
118,인천,211802,440192230,선진호,최종,내항,입항,369,2022-12-19 11:45,2022-12-20 5:05,대산,석유제품 운반선
119,인천,VRKR5,477947600,COSCO DURBAN,최종,외항,입항,"40,447",2022-12-19 11:54,2022-12-19 16:20,QINGDAO,풀컨테이너선
120,인천,114806,440148840,디비써니,최종,내항,입항,"1,599",2022-12-19 12:40,2022-12-20 20:00,여수,케미칼 운반선
121,인천,D7SK,441791000,코리아비너스,최종,내항,입항,"29,543",2022-12-19 12:50,2022-12-20 12:40,여수,석유제품 운반선
122,인천,121835,440017150,해원호,최종,내항,입항,320,2022-12-19 13:30,2022-12-21 18:30,평택.당진,급유선
123,인천,150012,150012,15선영호,최종,내항,입항,497,2022-12-19 13:40,2022-12-20 10:15,평택.당진,급유선
124,인천,DSFU9,DSFU9,모닝캄,최종,내항,입항,"5,976",2022-12-19 13:50,2022-12-20 11:50,옥계항,시멘트운반선
125,인천,DSPI4,441223000,HYUNDAI UTOPIA,최종,외항,입항,"103,764",2022-12-19 14:25,2022-12-20 10:12,장승포,LNG 운반선
126,인천,HORN,355188000,FC GLORIA,최종,내항,입항,"4,972",2022-12-19 14:30,2022-12-20 14:55,대산,석유제품 운반선
127,인천,A8LE3,636091255,HAMMONIA BEROLINA,최종,외항,입항,"26,435",2022-12-19 15:20,2022-12-20 5:20,평택.당진,풀컨테이너선
128,인천,VRRO9,477154400,ACACIA HAWK,최종,외항,입항,"6,191",2022-12-19 15:55,2022-12-19 23:30,YANTAI APT,풀컨테이너선
129,인천,170004,440030880,대진8006,최종,내항,입항,411,2022-12-19 16:30,2022-12-20 0:05,기타항,압항 예선
130,인천,120050,440153810,대진8001,최종,내항,입항,302,2022-12-19 17:45,2022-12-20 2:47,기타항,압항 예선
131,인천,944402,440328160,골드페리3호,최종,내항,입항,272,2022-12-19 18:10,2022-12-20 4:15,기타항,일반화물선
132,인천,965128,440101220,한성9호,최종,내항,입항,164,2022-12-19 18:10,2022-12-20 9:45,대산,석유제품 운반선
133,인천,D8RF,440498000,재원1호,최종,내항,입항,293,2022-12-19 18:50,2022-12-28 16:15,평택.당진,견인용예선
134,인천,DSQK7,441610000,한국 2호,최종,내항,입항,143,2022-12-19 19:20,2022-12-25 17:20,당진,기타 예선
135,인천,VRUL4,477745800,SITC YUNCHENG,최종,외항,입항,"26,771",2022-12-19 19:30,2022-12-20 11:05,부산,풀컨테이너선
136,인천,141802,440019380,두루호,최종,내항,입항,334,2022-12-19 19:40,2022-12-20 11:35,평택.당진,급유선
137,인천,181801,440010160,덕산훼리호,최종,내항,입항,162,2022-12-19 20:37,2022-12-20 5:50,기타항,일반화물선
138,인천,170039,440057510,한유 드림,최종,내항,입항,"2,114",2022-12-19 21:30,2022-12-21 19:00,울산,석유제품 운반선
139,인천,V7A2814,538008836,SAWASDEE BALTIC,최종,외항,입항,"18,051",2022-12-19 22:45,2022-12-20 15:25,HO CHI MINH CITY,풀컨테이너선
140,인천,DSQI3,441588000,우림 드라곤 7호,최종,내항,입항,"6,398",2022-12-19 23:20,2022-12-21 6:05,기타항,케미칼 운반선
141,인천,160060,440403700,리나호,최종,내항,입항,"6,983",2022-12-20 0:42,2022-12-20 23:54,삼척,산물선(벌크선)
142,인천,D7CH,440401000,STAR CHALLENGER,최종,외항,입항,"9,955",2022-12-20 1:00,2022-12-20 12:00,XIAMEN,풀컨테이너선
143,인천,DSNY5,440419000,해신6호,최종,내항,입항,206,2022-12-20 1:05,2022-12-20 12:53,기타항,기타 예선
144,인천,D7TS,441183000,SCUTUM,최종,외항,입항,"4,594",2022-12-20 2:50,2022-12-20 14:55,OITA,일반화물선
145,인천,SVBM2,241163000,FIGALIA NAVIGATOR,최종,외항,입항,"44,668",2022-12-20 4:00,2022-12-29 20:30,CRISTOBAL,산물선(벌크선)
146,인천,3FMT9,373316000,XIN HE DA,최종,외항,입항,"7,808",2022-12-20 4:45,2022-12-21 6:15,TIANJIN XINGANG PT,세미(혼재)컨테이너선
147,인천,D7QA,440525000,거제 코델리아,최종,내항,입항,"8,689",2022-12-20 5:15,2022-12-20 18:10,대산,석유제품 운반선
148,인천,9LU2530,667001727,TIAN ZHUI,최종,외항,입항,"8,574",2022-12-20 6:40,2022-12-21 3:05,LIANYUNGANG,산물선(벌크선)
149,인천,V7A4450,538009208,CONSISTENCE,최종,외항,입항,"9,972",2022-12-20 7:06,2022-12-20 16:05,SHANGHAI,풀컨테이너선
150,인천,91413,440134720,제23금진,최종,내항,입항,"1,691",2022-12-20 7:50,2022-12-28 1:45,묵호,일반화물선
151,인천,C6VG9,308234000,MYRIAD,최종,외항,입항,"5,403",2022-12-20 7:55,2022-12-20 17:50,부산,풀컨테이너선
152,인천,V7QK7,538006710,GNS HARMONY,최종,외항,입항,"43,462",2022-12-20 8:00,2022-12-28 7:10,TARAHAN,산물선(벌크선)
153,인천,224810,440194890,케이에스 아너,최종,내항,입항,"7,057",2022-12-20 8:10,2022-12-21 8:05,울산,석유제품 운반선
154,인천,33357,127228992,태화21호,최종,내항,입항,230,2022-12-20 9:10,2022-12-27 2:35,기타항,기타 예선
155,인천,DSQA5,441510000,에프씨 그레이스호,최종,내항,입항,"4,960",2022-12-20 11:35,2022-12-21 6:10,대산,석유제품 운반선
156,인천,190019,440116190,대호제주,최종,내항,입항,"1,710",2022-12-20 12:30,2022-12-20 15:20,광양,일반화물선
157,인천,DSQG4,441567000,PEGASUS PACER,최종,외항,입항,"7,406",2022-12-20 12:42,2022-12-20 15:48,군산,풀컨테이너선
158,인천,D7UG,441229000,HL MUSCAT,최종,외항,입항,"93,765",2022-12-20 13:20,2022-12-21 10:06,QALHAT,LNG 운반선
159,인천,160054,440556000,모닝 누리,최종,내항,입항,"5,222",2022-12-20 13:50,2022-12-21 14:05,옥계항,일반화물선
160,인천,DSQA3,441508000,단양,최종,내항,입항,"5,996",2022-12-20 14:00,2022-12-25 7:50,동해,시멘트운반선
161,인천,70903,440119760,옹진1호,최종,내항,입항,75,2022-12-20 14:10,2022-12-20 14:30,기타항,견인용예선
162,인천,151802,440021230,광성호,최종,내항,입항,336,2022-12-20 14:10,2022-12-21 6:40,대산,급유선
163,인천,62928,412500614,웨스트 카페리,최종,내항,입항,840,2022-12-20 14:30,2022-12-21 10:40,기타항,일반화물선
164,인천,V3DJ2,312237000,EAST SAIL,최종,외항,입항,"2,252",2022-12-20 14:35,2022-12-24 7:05,TIANJIN,일반화물선
165,인천,V3FB,312152000,KIYOMI,최종,외항,입항,"1,498",2022-12-20 14:40,2022-12-24 14:58,SHIKAMA,일반화물선
166,인천,D8AI,440218340,대산호 ,최종,내항,입항,145,2022-12-20 15:10,2022-12-20 16:30,기타항,견인용예선
167,인천,181801,440010160,덕산훼리호,최종,내항,입항,162,2022-12-20 15:30,2022-12-21 5:03,기타항,일반화물선
168,인천,BLBB2,413453650,XIN MING ZHOU 20,최종,외항,입항,"9,653",2022-12-20 15:45,2022-12-21 12:00,SHANGHAI,풀컨테이너선
169,인천,155803,440509320,글로벌1호,최종,내항,입항,212,2022-12-20 16:20,2022-12-21 10:35,군산,석유제품 운반선
170,인천,D8SD,440520000,WOO MIN,최종,외항,입항,"4,688",2022-12-20 16:40,2022-12-21 19:10,DALIAN,석유제품 운반선
171,인천,152817,80930025,태화골드호,최종,내항,입항,336,2022-12-20 17:15,2022-12-26 6:50,기타항,석유제품 운반선
172,인천,D8BG,440190000,KHARIS HERITAGE,최종,외항,입항,"12,545",2022-12-20 17:18,2022-12-21 11:12,HAIPHONG,풀컨테이너선
173,인천,D5CF6,636015686,GSL VINIA,최종,외항,입항,"65,247",2022-12-20 18:00,2022-12-21 17:25,HONG KONG,풀컨테이너선
174,인천,944402,440328160,골드페리3호,최종,내항,입항,272,2022-12-20 18:15,2022-12-24 14:05,기타항,일반화물선
175,인천,C6WY8,311003200,RCC ASIA,최종,외항,입항,"57,692",2022-12-20 18:20,2022-12-24 12:42,YANTAI APT,자동차운반선
176,인천,211802,440192230,선진호,최종,내항,입항,369,2022-12-20 20:10,2022-12-24 16:05,대산,석유제품 운반선
177,인천,180005,440058060,거제유비아,최종,내항,입항,"1,996",2022-12-20 21:55,2022-12-22 7:30,여수,석유제품 운반선
178,인천,141802,440019380,두루호,최종,내항,입항,334,2022-12-20 23:24,2022-12-21 10:15,대산,급유선
179,인천,C6AO4,311000103,RCC AMSTERDAM,최종,외항,입항,"58,767",2022-12-20 23:55,2022-12-24 6:00,광양,자동차운반선
180,인천,DSFV2,441199000,수성1,최종,내항,입항,"5,969",2022-12-21 1:42,2022-12-22 1:00,삼척,시멘트운반선
181,인천,151810,440005120,아름호,최종,내항,입항,467,2022-12-21 1:50,2022-12-21 8:40,대산,급유선
182,인천,965128,440101220,한성9호,최종,내항,입항,164,2022-12-21 1:55,2023-01-02 10:45,대산,석유제품 운반선
183,인천,130081,440061040,은성호,최종,내항,입항,321,2022-12-21 2:30,2022-12-21 3:40,대산,석유제품 운반선
184,인천,D9HA,440687000,우현,최종,내항,입항,"1,975",2022-12-21 2:30,2022-12-21 20:30,울산,석유제품 운반선
185,인천,102740,440011240,미래9호,최종,내항,입항,"4,657",2022-12-21 4:00,2022-12-21 13:50,기타항,일반화물선
186,인천,161822,440026590,9민성호,최종,내항,입항,337,2022-12-21 4:30,2022-12-26 19:10,평택.당진,석유제품 운반선
187,인천,3FNV2,374922000,BERGE HALLASAN,최종,외항,입항,"23,749",2022-12-21 4:40,2022-12-24 9:10,군산,산물선(벌크선)
188,인천,VRNQ8,477585400,SITC ZHEJIANG,최종,외항,입항,"17,119",2022-12-21 7:05,2022-12-22 8:10,SHEKOU PT,풀컨테이너선
189,인천,D7XF,441424000,DONGJIN CONFIDENT,최종,외항,입항,"18,340",2022-12-21 7:55,2022-12-21 18:00,HO CHI MINH CITY,풀컨테이너선
190,인천,V7SL7,538003677,NAVIG8 SUCCESS,최종,외항,입항,"30,075",2022-12-21 10:00,2022-12-26 16:30,KAOHSIUNG,석유제품 운반선
191,인천,88443,440016180,이에스 로즈,최종,내항,입항,"5,589",2022-12-21 10:05,2022-12-24 7:00,대산,석유제품 운반선
192,인천,D8BF,441953000,HANSUNG INCHEON,최종,외항,입항,"5,888",2022-12-21 10:10,2022-12-21 19:45,WEIHAI,풀컨테이너선
193,인천,146805,440413160,비룡호,최종,내항,입항,476,2022-12-21 10:30,2022-12-24 4:20,군산,급유선
194,인천,BSDG,414690000,BEI HAI,최종,외항,입항,"5,272",2022-12-21 11:40,2022-12-24 16:53,TAICANG,세미(혼재)컨테이너선
195,인천,BLDA,412408080,JIN FU XING 6,최종,외항,입항,"5,902",2022-12-21 12:10,2022-12-25 0:20,군산,일반화물선
196,인천,DSED4,440120300,제15주경,최종,내항,입항,"2,831",2022-12-21 12:10,2022-12-26 7:30,여수,석유제품 운반선
197,인천,D9AG,440500014,201해송호,최종,내항,입항,163,2022-12-21 12:20,2022-12-25 6:50,광양,견인용예선
198,인천,D7CJ,440006000,HOCHIMINH VOYAGER,최종,외항,입항,"27,061",2022-12-21 12:54,2022-12-22 8:10,부산,풀컨테이너선
199,인천,3EOW7,374816000,HYUNDAI PEACEPIA,최종,외항,입항,"115,541",2022-12-21 13:00,2022-12-22 11:36,CRISTOBAL,LNG 운반선
200,인천,9V3298,566286000,HAN GRACE,최종,외항,입항,"8,499",2022-12-21 13:00,2022-12-24 12:50,ZHOUSHAN PT,케미칼 운반선
201,인천,3FMA2,374205000,BAO RONG 7,최종,외항,입항,"2,996",2022-12-21 13:25,2022-12-24 12:25,"FUKUYAMA, HIROSHIMA",일반화물선
202,인천,DSFO6,440128230,자양호,최종,내항,입항,"4,739",2022-12-21 13:30,2022-12-24 7:10,광양,시멘트운반선
203,인천,130020,440403850,해령호,최종,내항,입항,416,2022-12-21 13:50,2022-12-24 6:30,대산,석유제품 운반선
204,인천,3FRM3,356725000,JINHUA 11,최종,외항,입항,"1,753",2022-12-21 14:30,2022-12-24 7:25,SAKAISENBOKU,일반화물선
205,인천,D7JK,440660000,필로스 1,최종,내항,입항,"1,500",2022-12-21 15:00,2022-12-24 16:30,여수,케미칼 운반선
206,인천,D7MX,441470000,모닝 스카이호,최종,내항,입항,"6,422",2022-12-21 15:10,2022-12-24 18:00,옥계항,시멘트운반선
207,인천,9V8794,566073000,ELIZABETH,최종,외항,입항,"31,540",2022-12-21 15:30,2022-12-26 7:00,LUCINDA,산물선(벌크선)
208,인천,V3ZQ6,312673000,XIANG HAN 8,최종,외항,입항,"2,991",2022-12-21 16:15,2022-12-24 8:05,YOKOHAMA,일반화물선
209,인천,181801,440010160,덕산훼리호,최종,내항,입항,162,2022-12-21 16:30,2022-12-24 5:00,기타항,일반화물선
210,인천,922708,922708,연성101호,최종,내항,입항,92,2022-12-21 16:30,2022-12-22 12:00,기타항,견인용예선
211,인천,3FDS5,354138000,ACACIA MING,최종,외항,입항,"7,170",2022-12-21 16:50,2022-12-22 12:05,부산,풀컨테이너선
212,인천,VRPU7,477537400,SITC SURABAYA,최종,외항,입항,"27,971",2022-12-21 17:42,2022-12-22 9:36,SHEKOU PT,풀컨테이너선
213,인천,V7RD6,538090492,SPIRIT OF LISBON,최종,외항,입항,"41,399",2022-12-21 18:00,2022-12-24 16:30,"DAVAO, MINDANAO",풀컨테이너선
214,인천,181823,440074350,가연,최종,내항,입항,368,2022-12-21 18:10,2022-12-24 21:55,평택.당진,석유제품 운반선
215,인천,130081,440061040,은성호,최종,내항,입항,321,2022-12-21 19:00,2022-12-24 19:21,평택.당진,석유제품 운반선
216,인천,C6SB9,311272000,REVERENCE,최종,외항,입항,"9,990",2022-12-21 19:10,2022-12-22 11:42,QINGDAO,풀컨테이너선
217,인천,V7A5209,538009820,YANGTZE TRADER,최종,외항,입항,"9,944",2022-12-21 20:54,2022-12-22 8:00,SHEKOU PT,풀컨테이너선
218,인천,151810,440005120,아름호,최종,내항,입항,467,2022-12-21 21:40,2022-12-26 4:45,평택.당진,급유선
219,인천,DSOP8,441077000,창양,최종,내항,입항,"5,996",2022-12-21 22:50,2022-12-25 3:40,동해,시멘트운반선
220,인천,70903,440119760,옹진1호,최종,내항,입항,75,2022-12-21 23:20,2022-12-26 9:00,기타항,견인용예선
221,인천,151802,440021230,광성호,최종,내항,입항,336,2022-12-22 1:15,2022-12-25 21:35,평택.당진,급유선
222,인천,121835,440017150,해원호,최종,내항,입항,320,2022-12-22 2:00,2022-12-30 6:45,대산,급유선
223,인천,170037,440058710,삼표 1,최종,내항,입항,"7,123",2022-12-22 2:24,2022-12-24 17:24,삼척,시멘트운반선
224,인천,141802,440019380,두루호,최종,내항,입항,334,2022-12-22 3:50,2022-12-24 11:30,평택.당진,급유선
225,인천,V3UK7,312134000,BEI JIANG,최종,외항,입항,"5,250",2022-12-22 4:30,2022-12-25 8:20,경인,일반화물선
226,인천,150012,440153960,15선영호,최종,내항,입항,497,2022-12-22 8:25,2022-12-24 8:20,대산,급유선
227,인천,A8PN3,636091575,HANSA AUGSBURG,최종,외항,입항,"18,274",2022-12-22 10:18,2022-12-23 11:36,KEELUNG (CHILUNG),풀컨테이너선
228,인천,VRUY7,477856600,SITC SHENGDE,최종,외항,입항,"18,820",2022-12-22 10:20,2022-12-24 7:42,WENZHOU,풀컨테이너선
229,인천,D5YI9,636020254,KMTC DALIAN,최종,외항,입항,"27,997",2022-12-22 10:35,2022-12-24 7:33,SHEKOU PT,풀컨테이너선
230,인천,VRRO9,477154400,ACACIA HAWK,최종,외항,입항,"6,191",2022-12-22 11:06,2022-12-24 7:35,YANTAI APT,풀컨테이너선
231,인천,62928,412500614,웨스트 카페리,최종,내항,입항,840,2022-12-22 15:00,2022-12-26 15:00,기타항,일반화물선
232,인천,224814,440014870,엠에스클린,최종,내항,입항,"3,773",2022-12-23 15:50,2022-12-25 2:55,울산,석유제품 운반선
233,인천,180025,440072080,디엘 루비,최종,내항,입항,"6,716",2022-12-23 17:55,2023-01-02 8:55,부산,석유제품 운반선
234,인천,D7BM,440147000,KMTC HOCHIMINH,최종,외항,입항,"28,927",2022-12-24 9:20,2022-12-25 0:10,SHEKOU PT,풀컨테이너선
235,인천,D7QA,440525000,거제 코델리아,최종,내항,입항,"8,689",2022-12-24 9:25,2022-12-25 1:00,대산,석유제품 운반선
236,인천,3FWI8,374990000,BAL BRIGHT,최종,외항,입항,"9,549",2022-12-24 9:30,2022-12-24 23:35,SHANGHAI,풀컨테이너선
237,인천,VRBS2,477105700,YUE CHI,최종,외항,입항,"26,967",2022-12-24 9:30,2022-12-25 18:10,MURORAN,석유제품 운반선
238,인천,9V7922,563158400,PACIFIC CARRIER,최종,외항,입항,"9,940",2022-12-24 9:36,2022-12-24 17:05,부산,풀컨테이너선
239,인천,3FUZ2,352851000,OCEAN VICTORY,최종,외항,입항,"17,019",2022-12-24 9:50,2022-12-25 21:30,LANSHAN PT,일반화물선
240,인천,5BAR6,210461000,AAL NANJING,최종,외항,입항,"14,053",2022-12-24 9:50,2022-12-25 19:36,JINZHOU PT,일반화물선
241,인천,925235,440300640,동일호,최종,내항,입항,102,2022-12-24 10:00,2022-12-24 16:00,평택.당진,석유제품 운반선
242,인천,3FLB6,373876000,XIN ZHOU HAI,최종,외항,입항,"2,959",2022-12-24 10:20,2022-12-24 19:00,NIIGATA,일반화물선
243,인천,D7EI,440088000,SKY RAINBOW,최종,외항,입항,"17,944",2022-12-24 10:20,2022-12-25 0:05,SHEKOU PT,풀컨테이너선
244,인천,V3MZ6,312418000,XIN HAI 99,최종,외항,입항,"2,972",2022-12-24 10:35,2022-12-31 8:55,ZHANGJIAGANG,산물선(벌크선)
245,인천,3FYW7,373407000,SUNNY LOTUS,최종,외항,입항,"9,910",2022-12-24 12:30,2022-12-25 8:30,부산,풀컨테이너선
246,인천,9LU2569,667001766,DAITOMO 7,최종,외항,입항,"2,797",2022-12-24 12:50,2022-12-27 11:55,YOKOHAMA,일반화물선
247,인천,D7SR,440514000,SK SPLENDOR,최종,외항,입항,"92,866",2022-12-24 14:05,2022-12-25 10:00,QALHAT,LNG 운반선
248,인천,V7ZF9,538007661,STAR CALYPSO,최종,외항,입항,"43,100",2022-12-24 14:05,2023-01-08 19:10,SINGAPORE,산물선(벌크선)
249,인천,D5ML2,636017724,KMTC BANGKOK,최종,외항,입항,"18,318",2022-12-24 14:36,2022-12-25 7:30,XIAMEN,풀컨테이너선
250,인천,CQAP,255601240,ELISABETH OLDENDORFF,최종,외항,입항,"25,431",2022-12-24 16:25,2022-12-27 19:10,MIZUSHIMA,일반화물선
251,인천,D7SK,441791000,코리아비너스,최종,내항,입항,"29,543",2022-12-24 16:55,2022-12-25 16:45,여수,석유제품 운반선
252,인천,H9FO,352019000,하모니 케미스트,최종,내항,입항,"30,087",2022-12-24 17:20,2022-12-26 6:06,여수,케미칼 운반선
253,인천,3ECW9,373595000,KMTC PENANG,최종,외항,입항,"28,736",2022-12-24 17:42,2022-12-25 7:10,SHEKOU PT,풀컨테이너선
254,인천,VRPN7,477348200,KANDA LOGGER,최종,외항,입항,"23,275",2022-12-24 17:50,2022-12-26 21:55,PORT CHALMERS,일반화물선
255,인천,5LFE2,636021678,AMORE MIO,최종,외항,입항,"154,004",2022-12-24 18:00,2022-12-25 19:35,울산,원유운반선
256,인천,944402,440328160,골드페리3호,최종,내항,입항,272,2022-12-24 19:50,2022-12-24 19:55,기타항,일반화물선
257,인천,9LU2782,667001979,MESANA,최종,외항,입항,"11,927",2022-12-24 20:00,2022-12-27 10:20,부산,산물선(벌크선)
258,인천,181801,440010160,덕산훼리호,최종,내항,입항,162,2022-12-24 21:10,2022-12-26 8:30,기타항,일반화물선
259,인천,141802,440019380,두루호,최종,내항,입항,334,2022-12-24 21:35,2022-12-25 9:35,평택.당진,급유선
260,인천,150012,440153960,15선영호,최종,내항,입항,497,2022-12-25 0:10,2022-12-26 13:00,대산,급유선
261,인천,DSQA5,441510000,에프씨 그레이스호,최종,내항,입항,"4,960",2022-12-25 0:55,2022-12-25 20:00,대산,석유제품 운반선
262,인천,3ERV3,374302000,SUNNY ROSE,최종,외항,입항,"9,865",2022-12-25 1:05,2022-12-25 18:00,NINGBO,풀컨테이너선
263,인천,D7DO,440059000,SM TOKYO,최종,외항,입항,"9,928",2022-12-25 1:05,2022-12-25 10:30,XIAMEN,풀컨테이너선
264,인천,102740,440011240,미래9호,최종,내항,입항,"4,657",2022-12-25 2:40,2022-12-26 15:55,기타항,일반화물선
265,인천,130020,440403850,해령호,최종,내항,입항,416,2022-12-25 2:50,2022-12-26 10:40,대산,석유제품 운반선
266,인천,211802,440192230,선진호,최종,내항,입항,369,2022-12-25 4:55,2022-12-25 21:55,평택.당진,석유제품 운반선
267,인천,DSNC3,441289000,드래곤썬,최종,내항,입항,"4,695",2022-12-25 5:10,2022-12-26 7:50,동해,시멘트운반선
268,인천,160049,440414520,정진호,최종,내항,입항,"7,189",2022-12-25 5:30,2022-12-26 8:24,삼척,산물선(벌크선)
269,인천,DSMD,440427000,우림 5,최종,내항,입항,"8,072",2022-12-25 6:25,2022-12-26 4:25,대산,석유제품 운반선
270,인천,5LHQ8,636022203,PAROS,최종,외항,입항,"93,360",2022-12-25 6:55,2023-01-09 5:10,SINGAPORE,산물선(벌크선)
271,인천,944402,440328160,골드페리3호,최종,내항,입항,272,2022-12-25 7:24,2022-12-27 19:50,기타항,일반화물선
272,인천,D7KV,441103000,코리아비전,최종,내항,입항,"3,872",2022-12-25 7:50,2022-12-25 16:00,여수,LPG 운반선
273,인천,9V9981,563049100,INTERASIA FORWARD,최종,외항,입항,"17,211",2022-12-25 8:00,2022-12-25 16:20,HONG KONG,풀컨테이너선
274,인천,BATD,412202870,MING YUE,최종,외항,입항,"2,453",2022-12-25 9:45,2022-12-25 18:00,DANDONG PT,세미(혼재)컨테이너선
275,인천,146805,440413160,비룡호,최종,내항,입항,476,2022-12-25 10:55,2022-12-28 10:00,당진,급유선
276,인천,V7HR7,538005864,PEGASUS PETA,최종,외항,입항,"9,988",2022-12-25 11:20,2022-12-25 21:36,HAIPHONG,풀컨테이너선
277,인천,D8BF,441953000,HANSUNG INCHEON,최종,외항,입항,"5,888",2022-12-25 11:30,2022-12-25 21:05,WEIHAI,풀컨테이너선
278,인천,88443,440016180,이에스 로즈,최종,내항,입항,"5,589",2022-12-25 13:50,2022-12-26 9:05,대산,석유제품 운반선
279,인천,HPIY,354159000,SK SUNRISE,최종,외항,입항,"92,927",2022-12-25 14:15,2022-12-26 16:50,SINGAPORE,LNG 운반선
280,인천,DSMS2,441730000,우춘호,최종,내항,입항,"3,969",2022-12-25 14:30,2022-12-27 14:00,여수,석유제품 운반선
281,인천,V7A4976,538009630,CONSIGNIA,최종,외항,입항,"9,972",2022-12-25 16:00,2022-12-26 6:05,SHANTOU,풀컨테이너선
282,인천,62720,715132501,삼성5호,최종,내항,입항,22,2022-12-25 16:50,2023-01-01 22:14,기타항,기타 예선
283,인천,D7VD,441283000,DONGJIN CONTINENTAL,최종,외항,입항,"9,946",2022-12-25 19:00,2022-12-26 11:50,SHEKOU PT,풀컨테이너선
284,인천,5LFU7,636021813,WAN HAI 177,최종,외항,입항,"18,848",2022-12-25 19:18,2022-12-26 7:10,TAIPEI,풀컨테이너선
285,인천,D8TI,441127000,TY INCHEON,최종,외항,입항,"7,726",2022-12-25 19:24,2022-12-26 5:15,부산,풀컨테이너선
286,인천,CQEA,255805676,CHICAGO,최종,외항,입항,"65,918",2022-12-25 22:12,2022-12-26 15:10,TIANJIN,풀컨테이너선
287,인천,130081,440061040,은성호,최종,내항,입항,321,2022-12-25 23:15,2022-12-27 7:20,대산,석유제품 운반선
288,인천,114806,440148840,디비써니,최종,내항,입항,"1,599",2022-12-26 3:30,2022-12-26 16:30,여수,케미칼 운반선
289,인천,9HA4917,215011000,B TRADER,최종,외항,입항,"19,122",2022-12-26 3:54,2022-12-26 17:20,SHANGHAI,풀컨테이너선
290,인천,960831,440150720,동아티3호,최종,내항,입항,72,2022-12-26 4:45,2022-12-27 10:50,목포,견인용예선
291,인천,DSMC,440178000,우림 3,최종,내항,입항,"8,072",2022-12-26 6:50,2022-12-27 4:00,울산,석유제품 운반선
292,인천,6YVT2,339301320,DONG SHENG,최종,외항,입항,"2,085",2022-12-26 6:55,2022-12-26 15:25,부산,산물선(벌크선)
293,인천,D7SP,440655000,PANCON CHAMPION,최종,외항,입항,"18,606",2022-12-26 7:05,2022-12-27 1:50,HO CHI MINH CITY,풀컨테이너선
294,인천,211802,440192230,선진호,최종,내항,입항,369,2022-12-26 7:45,2022-12-26 17:25,평택.당진,석유제품 운반선
295,인천,9VIJ2,565158000,LUCKY WISDOM,최종,외항,입항,"5,391",2022-12-26 8:10,2022-12-30 12:55,부산,일반화물선
296,인천,C6SB9,311272000,REVERENCE,최종,외항,입항,"9,990",2022-12-26 9:10,2022-12-27 3:20,QINGDAO,풀컨테이너선
297,인천,V7CS4,538005313,PEGASUS TERA,최종,외항,입항,"9,988",2022-12-26 10:30,2022-12-27 10:24,NINGBO,풀컨테이너선
298,인천,V7A5717,538010176,TS NANSHA,최종,외항,입항,"27,208",2022-12-26 11:05,2022-12-27 4:30,부산,풀컨테이너선
299,인천,3EUN5,351031000,KENTA,최종,외항,입항,"39,735",2022-12-26 11:10,2022-12-28 17:55,군산,산물선(벌크선)
300,인천,141802,440019380,두루호,최종,내항,입항,334,2022-12-26 11:50,2022-12-27 7:35,대산,급유선
301,인천,BLHP,416492000,YM IMMENSE,최종,외항,입항,"16,488",2022-12-26 12:40,2022-12-27 6:35,KEELUNG (CHILUNG),풀컨테이너선
302,인천,D7QA,440525000,거제 코델리아,최종,내항,입항,"8,689",2022-12-26 12:50,2022-12-27 5:00,대산,석유제품 운반선
303,인천,3E3785,352002104,SKY IRIS,최종,외항,입항,"9,940",2022-12-26 13:00,2022-12-27 3:00,XIAMEN,풀컨테이너선
304,인천,V3NA,312857000,TONG CHENG 198,최종,외항,입항,"2,999",2022-12-26 14:15,2022-12-28 14:10,군산,일반화물선
305,인천,VRQC4,477157300,PAN EUROPE,최종,외항,입항,"114,996",2022-12-26 15:20,2022-12-27 10:48,BARROW ISLAND,LNG 운반선
306,인천,VRRO9,477154400,ACACIA HAWK,최종,외항,입항,"6,191",2022-12-26 15:30,2022-12-27 0:00,YANTAI APT,풀컨테이너선
307,인천,V3ZX7,312897000,JIN ZHU,최종,외항,입항,"2,996",2022-12-26 15:50,2022-12-28 2:05,TIANJIN,일반화물선
308,인천,151810,440005120,아름호,최종,내항,입항,467,2022-12-26 16:00,2022-12-29 5:50,대산,급유선
309,인천,9HA5470,229334000,CNC BANGKOK,최종,외항,입항,"17,907",2022-12-26 17:00,2022-12-27 0:05,DALIAN,풀컨테이너선
310,인천,DSFV3,441198000,수성2,최종,내항,입항,"5,963",2022-12-26 17:48,2022-12-27 5:18,평택.당진,시멘트운반선
311,인천,181801,440010160,덕산훼리호,최종,내항,입항,162,2022-12-26 17:50,2022-12-27 8:53,기타항,일반화물선
312,인천,V3EV3,312405000,JINHUA 16,최종,외항,입항,"1,940",2022-12-26 18:55,2022-12-27 22:35,여수,일반화물선
313,인천,5BFN4,209539000,BF CARP,최종,외항,입항,"9,946",2022-12-26 19:10,2022-12-27 7:20,부산,풀컨테이너선
314,인천,D8NB,440775000,뉴 브라이트,최종,내항,입항,"8,504",2022-12-26 19:20,2022-12-27 10:00,대산,석유제품 운반선
315,인천,101159,440017180,한국1호,최종,내항,입항,155,2022-12-26 19:25,2023-01-10 20:25,목포,기타 예선
316,인천,D5US3,636019478,TANAZNITE,최종,외항,입항,"32,987",2022-12-26 20:25,2022-12-31 16:30,BALBOA,산물선(벌크선)
317,인천,BATI,412204480,YA LU JIANG,최종,외항,입항,"5,250",2022-12-26 21:55,2022-12-27 7:00,DALIAN,세미(혼재)컨테이너선
318,인천,D7LQ,441862000,제3에스제이가스호,최종,내항,입항,"2,099",2022-12-27 0:00,2022-12-29 16:30,평택.당진,LPG 운반선
319,인천,120028,440152450,원진7호,최종,내항,입항,158,2022-12-27 0:50,2022-12-27 14:40,기타항,압항 예선
320,인천,3FMT9,373316000,XIN HE DA,최종,외항,입항,"7,808",2022-12-27 1:05,2022-12-27 17:55,TIANJIN XINGANG PT,세미(혼재)컨테이너선
321,인천,130020,440403850,해령호,최종,내항,입항,416,2022-12-27 3:45,2022-12-28 11:50,평택.당진,석유제품 운반선
322,인천,211802,440192230,선진호,최종,내항,입항,369,2022-12-27 4:35,2022-12-29 9:40,대산,석유제품 운반선
323,인천,V7A5078,538009716,THORCO LIVA,최종,외항,입항,"13,110",2022-12-27 4:35,2022-12-29 23:30,SHIDAO PT,일반화물선
324,인천,V3FH,312933000,JINHUA 15,최종,외항,입항,"1,758",2022-12-27 5:25,2022-12-27 16:00,여수,일반화물선
325,인천,D7LF,440095000,DK ILIOS,최종,외항,입항,"7,433",2022-12-27 5:40,2022-12-29 17:50,당진,일반화물선
326,인천,181823,440074350,가연,최종,내항,입항,368,2022-12-27 5:55,2022-12-28 21:40,평택.당진,석유제품 운반선
327,인천,DSQY5,441755000,연성호,최종,내항,입항,303,2022-12-27 6:00,2022-12-29 20:00,기타항,견인용예선
328,인천,DSQK5,441607000,근양,최종,내항,입항,"5,996",2022-12-27 7:00,2022-12-28 17:50,동해,시멘트운반선
329,인천,160060,440403700,리나호,최종,내항,입항,"6,983",2022-12-27 7:06,2022-12-28 18:06,삼척,산물선(벌크선)
330,인천,161822,440026590,9민성호,최종,내항,입항,337,2022-12-27 7:15,2022-12-30 10:20,당진,석유제품 운반선
331,인천,HO6237,353861000,GRAND MUSE,최종,외항,입항,"1,514",2022-12-27 7:15,2022-12-27 18:25,YATSUSHIRO,일반화물선
332,인천,V7A4591,538009319,GH BORA,최종,외항,입항,"28,048",2022-12-27 7:35,2022-12-28 4:05,SHEKOU PT,풀컨테이너선
333,인천,DSQA5,441510000,에프씨 그레이스호,최종,내항,입항,"4,960",2022-12-27 8:00,2022-12-27 18:50,대산,석유제품 운반선
334,인천,3WZP,574252000,PETROLIMEX 16,최종,외항,입항,"29,188",2022-12-27 8:05,2022-12-29 7:35,HONGAI,석유제품 운반선
335,인천,150012,440153960,15선영호,최종,내항,입항,497,2022-12-27 8:15,2022-12-28 15:00,대산,급유선
336,인천,HPBS,374842000,YOKOHAMA PIONEER,최종,외항,입항,"2,696",2022-12-27 9:30,2022-12-27 21:36,CAOJING,석유제품 운반선
337,인천,V3DF2,312925000,FOISON OCEAN,최종,외항,입항,"1,448",2022-12-27 9:30,2022-12-27 22:10,TOYOHASHI,일반화물선
338,인천,DSME,440432000,WOOLIM 7,최종,외항,입항,"8,072",2022-12-27 9:40,2022-12-28 9:35,JIANGYIN PT,석유제품 운반선
339,인천,D7VC,441279000,TY BONNY,최종,외항,입항,"2,252",2022-12-27 10:35,2022-12-28 5:55,OSAKA,일반화물선
340,인천,C6VG9,308234000,MYRIAD,최종,외항,입항,"5,403",2022-12-27 10:55,2022-12-27 19:07,부산,풀컨테이너선
341,인천,124,440003200,성보호,최종,내항,입항,143,2022-12-27 11:10,2023-01-04 5:10,기타항,기타 유조선
342,인천,BCKC,412331380,WAN TONG 18,최종,외항,입항,"7,481",2022-12-27 11:12,2022-12-29 17:50,LIANYUNGANG,산물선(벌크선)
343,인천,T8A2253,511294000,EVER HARVEST,최종,외항,입항,"1,998",2022-12-27 11:30,2022-12-28 11:50,FUNABASHI,일반화물선
344,인천,D8BF,441953000,HANSUNG INCHEON,최종,외항,입항,"5,888",2022-12-27 13:15,2022-12-27 21:30,WEIHAI,풀컨테이너선
345,인천,V7A2661,538008691,INCEDA,최종,외항,입항,"19,035",2022-12-27 14:00,2022-12-28 2:00,HO CHI MINH CITY,풀컨테이너선
346,인천,180020,440066770,두라 5,최종,내항,입항,"3,599",2022-12-27 15:00,2022-12-28 4:00,대산,석유제품 운반선
347,인천,141802,440019380,두루호,최종,내항,입항,334,2022-12-27 15:10,2022-12-30 15:30,대산,급유선
348,인천,62928,412500614,웨스트 카페리,최종,내항,입항,840,2022-12-27 15:40,2022-12-28 10:50,기타항,일반화물선
349,인천,181801,440010160,덕산훼리호,최종,내항,입항,162,2022-12-27 15:40,2022-12-28 9:48,기타항,일반화물선
350,인천,3FAT5,351230000,광양프론티어,최종,내항,입항,"9,751",2022-12-27 16:10,2022-12-28 10:30,목포,일반화물선
351,인천,DSQP7,441659000,HYUNDAI GREENPIA,최종,외항,입항,"103,764",2022-12-27 16:12,2022-12-28 12:50,GLADSTONE,LNG 운반선
352,인천,3EMU8,355231000,CS SUMMER,최종,외항,입항,"7,688",2022-12-27 16:15,2022-12-29 10:00,TIANJIN PT,석유제품 운반선
353,인천,9LU2320,667001517,GAIN RICH,최종,외항,입항,"2,996",2022-12-27 16:45,2022-12-28 23:05,LIANYUNGANG,일반화물선
354,인천,DSQK7,441610000,한국 2호,최종,내항,입항,143,2022-12-27 17:05,2023-01-01 18:35,당진,기타 예선
355,인천,9HA5711,256143000,CNC PLUTO,최종,외항,입항,"18,826",2022-12-27 17:25,2022-12-28 2:00,DALIAN,풀컨테이너선
356,인천,SKJF,266283000,OBERON,최종,외항,입항,"71,673",2022-12-27 17:25,2022-12-28 22:00,YOKOHAMA,자동차운반선
357,인천,130081,440061040,은성호,최종,내항,입항,321,2022-12-27 18:50,2022-12-29 23:25,평택.당진,석유제품 운반선
358,인천,D7AK,441023000,KMC MIRACLE,최종,외항,입항,"7,506",2022-12-27 19:05,2022-12-28 23:24,ZHANJIANG,일반화물선
359,인천,160019,440711900,유진,최종,내항,입항,"4,727",2022-12-27 19:39,2023-01-01 7:48,평택.당진,시멘트운반선
360,인천,D7CC,440375000,PANCON VICTORY,최종,외항,입항,"9,923",2022-12-27 20:10,2022-12-28 19:20,SHANGHAI,풀컨테이너선
361,인천,V7IR7,538005981,GLOVIS CROWN,최종,외항,입항,"59,968",2022-12-27 20:42,2022-12-28 19:50,BUENAVENTURA,자동차운반선
362,인천,3E2808,352001968,AN JI 15,최종,외항,입항,"2,995",2022-12-27 22:10,2022-12-28 13:10,NANSHA PT,세미(혼재)컨테이너선
363,인천,D5LO3,636017562,DONGHONG 8,최종,외항,입항,"10,360",2022-12-27 23:00,2022-12-30 16:00,ZHANGJIAGANG,일반화물선
364,인천,152817,440058060,태화골드호,최종,내항,입항,336,2022-12-28 1:00,2023-01-03 8:10,기타항,석유제품 운반선
365,인천,180005,440058060,거제유비아,최종,내항,입항,"1,996",2022-12-28 4:30,2022-12-29 7:30,여수,석유제품 운반선
366,인천,102740,440011240,미래9호,최종,내항,입항,"4,657",2022-12-28 6:00,2022-12-28 17:35,기타항,일반화물선
367,인천,70903,440119760,옹진1호,최종,내항,입항,75,2022-12-28 6:15,2022-12-28 18:20,기타항,견인용예선
368,인천,V7A5438,538009995,ALEENA 1,최종,외항,입항,"33,044",2022-12-28 6:50,2022-12-28 8:08,BAYUQUAN,산물선(벌크선)
369,인천,D7XC,441050000,KMTC SEOUL,최종,외항,입항,"27,997",2022-12-28 6:55,2022-12-29 1:45,SHEKOU PT,풀컨테이너선
370,인천,DSPI3,441030000,PEGASUS UNIX,최종,외항,입항,"9,522",2022-12-28 7:06,2022-12-28 12:00,군산,풀컨테이너선
371,인천,D7KV,441103000,코리아비전,최종,내항,입항,"3,872",2022-12-28 7:45,2022-12-28 17:20,평택.당진,LPG 운반선
372,인천,50481,440501060,성진3호,최종,내항,입항,316,2022-12-28 7:55,2022-12-29 18:20,기타항,기타 예선
373,인천,BLBB2,413453650,XIN MING ZHOU 20,최종,외항,입항,"9,653",2022-12-28 7:55,2022-12-29 2:00,SHANGHAI,풀컨테이너선
374,인천,DSFU9,352170000,모닝캄,최종,내항,입항,"5,976",2022-12-28 8:05,2022-12-29 8:00,옥계항,시멘트운반선
375,인천,3EPT2,352170000,K. YOUNGHUNG,최종,외항,입항,"79,340",2022-12-28 8:36,2023-01-07 16:00,SINGAPORE,산물선(벌크선)
376,인천,D7WM,441400000,BUSAN PIONEER,최종,외항,입항,"2,696",2022-12-28 9:05,2022-12-28 19:55,부산,케미칼 운반선
377,인천,3FKA6,353201000,POS HOCHIMINH,최종,외항,입항,"18,085",2022-12-28 10:00,2022-12-28 23:48,LAEM CHABANG,풀컨테이너선
378,인천,100170,440400400,일광303호,최종,내항,입항,166,2022-12-28 10:20,2022-12-29 8:00,기타항,기타 예선
379,인천,3FZF7,351394000,EVER SUNNY,최종,외항,입항,"2,617",2022-12-28 10:35,2022-12-29 15:10,KAWASAKI,일반화물선
380,인천,D7VB,441278000,K. FREESIA,최종,외항,입항,"95,381",2022-12-28 11:05,2022-12-29 9:12,RAS LAFFAN,LNG 운반선
381,인천,V3AE,312336000,HIROTO,최종,외항,입항,"1,998",2022-12-28 11:05,2022-12-28 23:05,부산,일반화물선
382,인천,A8VC7,636014590,FOLEGANDROS,최종,외항,입항,"66,332",2022-12-28 12:12,2022-12-29 4:10,HONG KONG,풀컨테이너선
383,인천,V7IQ5,538007312,STARSHIP AQUILA,최종,외항,입항,"18,064",2022-12-28 14:15,2022-12-29 6:45,HO CHI MINH CITY,풀컨테이너선
384,인천,33357,440002030,태화21호,최종,내항,입항,230,2022-12-28 16:20,2022-12-30 11:10,기타항,기타 예선
385,인천,181801,440010160,덕산훼리호,최종,내항,입항,162,2022-12-28 17:10,2022-12-28 17:25,기타항,일반화물선
386,인천,3FQW8,356970000,BR FAIRY,최종,외항,입항,"2,509",2022-12-28 17:10,2022-12-31 19:10,부산,일반화물선
387,인천,D7QA,440525000,거제 코델리아,최종,내항,입항,"8,689",2022-12-28 17:55,2022-12-29 10:40,대산,석유제품 운반선
388,인천,HPOA,355170000,ACHILLES BULKER,최종,외항,입항,"19,891",2022-12-28 19:30,2022-12-31 8:00,PICTON,일반화물선
389,인천,D7VZ,441376000,디엘 앰버,최종,내항,입항,"7,333",2022-12-28 20:05,2022-12-29 14:00,대산,석유제품 운반선
390,인천,D7UY,441271000,PANCON HARMONY,최종,외항,입항,"9,946",2022-12-28 20:20,2022-12-29 10:25,부산,풀컨테이너선
391,인천,180042,440189720,삼표 5,최종,내항,입항,"7,135",2022-12-28 20:36,2022-12-29 19:54,삼척,시멘트운반선
392,인천,DSON8,440977000,진양,최종,내항,입항,"6,200",2022-12-28 20:50,2022-12-30 8:20,동해,시멘트운반선
393,인천,VRRO9,477154400,ACACIA HAWK,최종,외항,입항,"6,191",2022-12-28 21:06,2022-12-29 5:15,YANTAI APT,풀컨테이너선
394,인천,151802,440021230,광성호,최종,내항,입항,336,2022-12-28 23:00,2023-01-03 7:35,평택.당진,급유선
395,인천,3ENE7,351050000,DONG SHUN,최종,외항,입항,"4,426",2022-12-28 23:20,2023-01-04 0:50,ZARUBINO,일반화물선
396,인천,120028,440152450,원진7호,최종,내항,입항,158,2022-12-28 23:37,2022-12-29 13:00,기타항,압항 예선
